Daily run at Sun Jun 22 14:42:01 UTC 2025
Daily run at Mon Jun 23 08:23:37 UTC 2025
Daily run at Tue Jun 24 08:23:18 UTC 2025
Daily run at Wed Jun 25 08:23:41 UTC 2025
Daily run at Thu Jun 26 08:22:27 UTC 2025
Daily run at Fri Jun 27 08:22:12 UTC 2025
Daily run at Sat Jun 28 08:19:40 UTC 2025
Daily run at Sun Jun 29 08:19:48 UTC 2025
Daily run at Mon Jun 30 08:23:22 UTC 2025
Daily run at Tue Jul  1 08:23:10 UTC 2025
Daily run at Wed Jul  2 08:22:49 UTC 2025
Daily run at Thu Jul  3 08:22:17 UTC 2025
Daily run at Fri Jul  4 08:22:30 UTC 2025
Daily run at Sat Jul  5 08:20:13 UTC 2025
Daily run at Sun Jul  6 08:19:45 UTC 2025
Daily run at Mon Jul  7 08:24:08 UTC 2025
Daily run at Tue Jul  8 08:23:06 UTC 2025
Daily run at Wed Jul  9 08:22:50 UTC 2025
Daily run at Thu Jul 10 08:22:52 UTC 2025
Daily run at Fri Jul 11 08:22:36 UTC 2025
Daily run at Sat Jul 12 08:20:03 UTC 2025
Daily run at Sun Jul 13 08:19:53 UTC 2025
Daily run at Mon Jul 14 08:25:37 UTC 2025
Daily run at Tue Jul 15 08:23:28 UTC 2025
Daily run at Wed Jul 16 08:23:34 UTC 2025
Daily run at Thu Jul 17 08:23:32 UTC 2025
Daily run at Fri Jul 18 08:23:20 UTC 2025
Daily run at Sat Jul 19 08:21:02 UTC 2025
Daily run at Sun Jul 20 08:20:50 UTC 2025
Daily run at Mon Jul 21 08:26:48 UTC 2025
Daily run at Tue Jul 22 08:24:53 UTC 2025
Daily run at Wed Jul 23 08:24:56 UTC 2025
Daily run at Thu Jul 24 08:24:21 UTC 2025
Daily run at Fri Jul 25 08:22:54 UTC 2025
Daily run at Sat Jul 26 08:20:58 UTC 2025
Daily run at Sun Jul 27 08:20:43 UTC 2025
Daily run at Mon Jul 28 08:26:27 UTC 2025
Daily run at Tue Jul 29 08:24:36 UTC 2025
Daily run at Wed Jul 30 08:24:40 UTC 2025
Daily run at Thu Jul 31 08:24:47 UTC 2025
Daily run at Fri Aug  1 08:24:22 UTC 2025
Daily run at Sat Aug  2 08:20:52 UTC 2025
Daily run at Sun Aug  3 08:20:57 UTC 2025
Daily run at Mon Aug  4 08:26:04 UTC 2025
Daily run at Tue Aug  5 08:25:12 UTC 2025
Daily run at Wed Aug  6 08:24:51 UTC 2025
Daily run at Thu Aug  7 08:24:38 UTC 2025
Daily run at Fri Aug  8 08:24:39 UTC 2025
Daily run at Sat Aug  9 08:20:26 UTC 2025
Daily run at Sun Aug 10 08:20:49 UTC 2025
Daily run at Mon Aug 11 08:25:45 UTC 2025
Daily run at Tue Aug 12 08:22:42 UTC 2025
Daily run at Wed Aug 13 08:22:59 UTC 2025
Daily run at Thu Aug 14 08:23:22 UTC 2025
Daily run at Fri Aug 15 08:22:14 UTC 2025
Daily run at Sat Aug 16 08:20:05 UTC 2025
Daily run at Sun Aug 17 08:20:36 UTC 2025
Daily run at Mon Aug 18 08:24:50 UTC 2025
Daily run at Tue Aug 19 08:21:32 UTC 2025
Daily run at Wed Aug 20 08:21:37 UTC 2025
Daily run at Thu Aug 21 08:21:26 UTC 2025
Daily run at Fri Aug 22 08:21:28 UTC 2025
Daily run at Sat Aug 23 08:18:44 UTC 2025
Daily run at Sun Aug 24 08:18:27 UTC 2025
Daily run at Mon Aug 25 08:23:39 UTC 2025
Daily run at Tue Aug 26 08:23:03 UTC 2025
Daily run at Wed Aug 27 08:20:58 UTC 2025
Daily run at Thu Aug 28 08:20:47 UTC 2025
Daily run at Fri Aug 29 08:20:23 UTC 2025
Daily run at Sat Aug 30 08:18:17 UTC 2025
Daily run at Sun Aug 31 08:18:28 UTC 2025
Daily run at Mon Sep  1 08:23:28 UTC 2025
Daily run at Tue Sep  2 08:21:41 UTC 2025
Daily run at Wed Sep  3 08:20:29 UTC 2025
Daily run at Thu Sep  4 08:20:25 UTC 2025
Daily run at Fri Sep  5 08:19:58 UTC 2025
Daily run at Sat Sep  6 08:17:43 UTC 2025
Daily run at Sun Sep  7 08:17:34 UTC 2025
Daily run at Mon Sep  8 08:22:39 UTC 2025
Daily run at Tue Sep  9 08:21:38 UTC 2025
Daily run at Wed Sep 10 08:21:03 UTC 2025
Daily run at Thu Sep 11 08:20:44 UTC 2025
Daily run at Fri Sep 12 08:20:07 UTC 2025
Daily run at Sat Sep 13 08:17:47 UTC 2025
Daily run at Sun Sep 14 08:17:55 UTC 2025
Daily run at Mon Sep 15 08:21:17 UTC 2025
Daily run at Tue Sep 16 08:21:20 UTC 2025
Daily run at Wed Sep 17 08:20:37 UTC 2025
Daily run at Thu Sep 18 08:20:14 UTC 2025
Daily run at Fri Sep 19 08:20:26 UTC 2025
Daily run at Sat Sep 20 08:18:25 UTC 2025
Daily run at Sun Sep 21 08:17:24 UTC 2025
Daily run at Mon Sep 22 08:22:08 UTC 2025
Daily run at Tue Sep 23 08:20:45 UTC 2025
Daily run at Wed Sep 24 08:21:18 UTC 2025
Daily run at Thu Sep 25 08:21:14 UTC 2025
Daily run at Fri Sep 26 08:21:34 UTC 2025
Daily run at Sat Sep 27 08:17:53 UTC 2025
Daily run at Sun Sep 28 08:17:49 UTC 2025
Daily run at Mon Sep 29 08:23:15 UTC 2025
Daily run at Tue Sep 30 08:21:48 UTC 2025
Daily run at Wed Oct  1 08:21:41 UTC 2025
Daily run at Thu Oct  2 08:19:57 UTC 2025
Daily run at Fri Oct  3 08:19:56 UTC 2025
Daily run at Sat Oct  4 08:17:47 UTC 2025
Daily run at Sun Oct  5 08:18:05 UTC 2025
Daily run at Mon Oct  6 08:21:08 UTC 2025
Daily run at Tue Oct  7 08:21:22 UTC 2025
Daily run at Wed Oct  8 08:21:53 UTC 2025
Daily run at Thu Oct  9 08:21:18 UTC 2025
Daily run at Fri Oct 10 08:21:07 UTC 2025
Daily run at Sat Oct 11 08:18:04 UTC 2025
Daily run at Sun Oct 12 08:18:33 UTC 2025
Daily run at Mon Oct 13 08:23:19 UTC 2025
Daily run at Tue Oct 14 08:23:04 UTC 2025
Daily run at Wed Oct 15 08:22:26 UTC 2025
Daily run at Thu Oct 16 08:22:36 UTC 2025
Daily run at Fri Oct 17 08:21:53 UTC 2025
Daily run at Sat Oct 18 08:19:08 UTC 2025
Daily run at Sun Oct 19 08:18:33 UTC 2025
Daily run at Mon Oct 20 08:22:10 UTC 2025
Daily run at Tue Oct 21 08:22:45 UTC 2025
Daily run at Wed Oct 22 08:24:06 UTC 2025
Daily run at Thu Oct 23 08:22:22 UTC 2025
Daily run at Fri Oct 24 08:21:39 UTC 2025
Daily run at Sat Oct 25 08:18:39 UTC 2025
Daily run at Sun Oct 26 08:19:09 UTC 2025
Daily run at Mon Oct 27 08:22:50 UTC 2025
Daily run at Tue Oct 28 08:22:11 UTC 2025
Daily run at Wed Oct 29 08:22:35 UTC 2025
Daily run at Thu Oct 30 08:21:23 UTC 2025
Daily run at Fri Oct 31 08:21:06 UTC 2025
Daily run at Sat Nov  1 08:18:45 UTC 2025
Daily run at Sun Nov  2 08:18:07 UTC 2025
Daily run at Mon Nov  3 08:23:50 UTC 2025
Daily run at Tue Nov  4 08:23:11 UTC 2025
Daily run at Wed Nov  5 08:22:21 UTC 2025
Daily run at Thu Nov  6 08:22:54 UTC 2025
Daily run at Fri Nov  7 08:22:31 UTC 2025
Daily run at Sat Nov  8 08:19:19 UTC 2025
Daily run at Sun Nov  9 08:18:27 UTC 2025
Daily run at Mon Nov 10 08:24:19 UTC 2025
Daily run at Tue Nov 11 08:21:59 UTC 2025
Daily run at Wed Nov 12 08:23:28 UTC 2025
Daily run at Thu Nov 13 08:22:42 UTC 2025
Daily run at Fri Nov 14 08:22:03 UTC 2025
Daily run at Sat Nov 15 08:19:38 UTC 2025
Daily run at Sun Nov 16 08:20:05 UTC 2025
Daily run at Mon Nov 17 08:24:33 UTC 2025
Daily run at Tue Nov 18 08:22:37 UTC 2025
